S	Sl	Su
0	0	3.285315692
1	0.051293294	5.323321132
2	0.355361511	6.685780102
3	0.817691447	8.102057769
4	1.366318397	9.598435041
5	1.970149568	11.17718044
6	2.613014744	12.81740634
7	3.285315692	13.76523
8	3.285315692	14.92054461
9	4.460143045	16.7678738
10	5.323321132	17.63293342
11	5.323321132	19.05051033
12	6.685780102	20.33538109
13	6.685780102	21.36446128
14	8.102057769	22.94455503
15	8.102057769	23.76180814
16	9.598435041	25.39962861
17	9.598435041	26.30643913
18	11.17718044	27.7347767
19	11.17718044	28.96605071
20	12.81740634	30.01718327
21	12.81740634	31.67466808
22	13.76523	32.2773253
23	14.92054461	34.04773713
24	14.92054461	34.66502921
25	16.7678738	36.03017982
26	16.7678738	37.66669514
27	17.63293342	38.16531711
28	19.05051033	39.76345011
29	19.05051033	40.94375256
30	20.33538109	41.75324046
31	21.36446128	43.45334424
32	21.36446128	44.25928212
33	22.94455503	45.28045794
34	23.76180814	47.02520823
35	23.76180814	47.68908055
36	25.39962861	48.7439812
37	26.30643913	50.41968782
38	26.30643913	51.29330318
39	27.7347767	52.15009873
40	28.96605071	53.71913071
41	28.96605071	54.99018032
42	30.01718327	55.5107762
43	31.67466808	56.98612044
44	31.67466808	58.71755598
45	32.2773253	58.83824093
46	34.04773713	60.24013687
47	34.66502921	61.89951228
48	34.66502921	62.81437402
49	36.03017982	63.48761887
50	37.66669514	64.94739998
51	37.66669514	66.75710555
52	38.16531711	66.75710555
53	39.76345011	68.09734872
54	40.94375256	69.61739748
55	40.94375256	71.09216105
56	41.75324046	71.27961937
57	43.45334424	72.6581319
58	44.25928212	74.22238162
59	44.25928212	75.48976185
60	45.28045794	75.78474208
61	47.02520823	77.16346211
62	47.68908055	78.73059155
63	47.68908055	79.98210222
64	48.7439812	80.24661199
65	50.41968782	81.6131086
66	51.29330318	83.13924693
67	51.29330318	84.57229579
68	52.15009873	84.6683784
69	53.71913071	86.01344398
70	54.99018032	87.47870281
71	54.99018032	89.23024787
72	55.5107762	89.23024787
73	56.98612044	90.37429966
74	58.71755598	91.77907637
75	58.71755598	93.48346393
76	58.83824093	94.23307709
77	60.24013687	94.70544671
78	61.89951228	96.05789413
79	62.81437402	97.54514596
80	62.81437402	99.16605116
81	63.48761887	99.16605116
82	64.94739998	100.3241317
83	66.75710555	101.7100038
84	66.75710555	103.31534
85	66.75710555	104.3999445
86	68.09734872	104.5824625
87	69.61739748	105.9045885
88	71.09216105	107.3179796
89	71.09216105	109.1071598
90	71.27961937	109.6105382
91	72.6581319	110.1129481
92	74.22238162	111.4409581
93	75.48976185	112.8681599
94	75.48976185	114.8412687
95	75.78474208	114.8412687
96	77.16346211	115.604726
97	78.73059155	116.9302717
98	79.98210222	118.3523539
99	79.98210222	120.3572638
100	80.24661199	120.3572638
101	81.6131086	121.0585388
102	83.13924693	122.3737359
103	84.57229579	123.7736049
104	84.57229579	125.4596221
105	84.6683784	126.2575203
106	86.01344398	126.4772634
107	87.47870281	127.7762969
108	89.23024787	129.1440467
109	89.23024787	130.6841239
110	89.23024787	132.0307821
111	90.37429966	132.0307821
112	91.77907637	133.1448607
113	93.48346393	134.4777575
114	94.23307709	135.9184589
115	94.23307709	137.7933885
116	94.70544671	137.7933885
117	96.05789413	138.4864647
118	97.54514596	139.7861631
119	99.16605116	141.1557868
120	99.16605116	142.7039216
121	99.16605116	144.0115588
122	100.3241317	144.0115588
123	101.7100038	145.077221
124	103.31534	146.3942394
125	104.3999445	147.7994291
126	104.3999445	149.5306189
127	104.5824625	150.1872607
128	105.9045885	150.3561721
129	107.3179796	151.6330825
130	109.1071598	152.9618813
131	109.6105382	154.3939423
132	109.6105382	156.3185029
133	110.1129481	156.3185029
134	111.4409581	156.8719636
135	112.8681599	158.150935
136	114.8412687	159.4834647
137	114.8412687	160.9247958
138	114.8412687	162.7883064
139	115.604726	162.7883064
140	116.9302717	163.3539899
141	118.3523539	164.6297903
142	120.3572638	165.9570584
143	120.3572638	167.3861558
144	120.3572638	169.32674
145	121.0585388	169.32674
146	122.3737359	169.8032392
147	123.7736049	171.0711205
148	125.4596221	172.3853105
149	126.2575203	173.7855314
150	126.2575203	175.4853726
151	126.4772634	176.2325603
152	127.7762969	176.2325603
153	129.1440467	177.4784489
154	130.6841239	178.7743488
155	132.0307821	180.1380617
156	132.0307821	181.6690601
157	132.0307821	183.0470139
158	133.1448607	183.0470139
159	134.4777575	183.8564534
160	135.9184589	185.1316406
161	137.7933885	186.4583242
162	137.7933885	187.8868554
163	137.7933885	189.8267634
164	138.4864647	189.8267634
165	139.7861631	190.2100538
166	141.1557868	191.4642444
167	142.7039216	192.7569899
168	144.0115588	194.1151001
169	144.0115588	195.6286621
170	144.0115588	197.0873534
171	145.077221	197.0873534
172	146.3942394	197.7779962
173	147.7994291	199.0410703
174	149.5306189	200.3479535
175	150.1872607	201.7337773
176	150.1872607	203.3545268
177	150.3561721	204.363037
178	151.6330825	204.363037
179	152.9618813	205.3150406
180	154.3939423	206.5831661
181	156.3185029	207.8983904
182	156.3185029	209.3018515
183	156.3185029	211.0312526
184	156.8719636	211.6871037
185	158.150935	211.6871037
186	159.4834647	212.8196678
187	160.9247958	214.0882267
188	162.7883064	215.4042725
189	162.7883064	216.8096838
190	162.7883064	218.5566213
191	163.3539899	219.1618507
192	164.6297903	219.1618507
193	165.9570584	220.2917609
194	167.3861558	221.5560385
195	169.32674	222.8651717
196	169.32674	224.256095
197	169.32674	225.9047591
198	169.8032392	226.8132193
199	171.0711205	226.8132193
200	172.3853105	227.7326476
201	173.7855314	228.9885604
202	175.4853726	230.2844568
203	176.2325603	231.6492082
204	176.2325603	233.1863178
205	176.2325603	234.5306163
206	177.4784489	234.5306163
207	178.7743488	235.1448319
208	180.1380617	236.3894072
209	181.6690601	237.6680443
210	183.0470139	239.0014766
211	183.0470139	240.4477404
212	183.0470139	242.2676492
213	183.8564534	242.2676492
214	185.1316406	242.5315364
215	186.4583242	243.7630288
216	187.8868554	245.022646
217	189.8267634	246.3245454
218	189.8267634	247.7012131
219	189.8267634	249.2838777
220	190.2100538	250.4337273
221	191.4642444	250.4337273
222	192.7569899	251.1139584
223	194.1151001	252.3544776
224	195.6286621	253.6272269
225	197.0873534	254.9507405
226	197.0873534	256.3736126
227	197.0873534	258.3414663
228	197.7779962	258.3414663
229	199.0410703	258.4463272
230	200.3479535	259.668689
231	201.7337773	260.9156084
232	203.3545268	262.197964
233	204.363037	263.5382053
234	204.363037	265.0024722
235	204.363037	266.7136741
236	205.3150406	266.7136741
237	206.5831661	266.9692956
238	207.8983904	268.193771
239	209.3018515	269.4436687
240	211.0312526	270.730611
241	211.6871037	272.0791855
242	211.6871037	273.5666262
243	211.6871037	275.1500243
244	212.8196678	275.1500243
245	214.0882267	275.464451
246	215.4042725	276.6882732
247	216.8096838	277.9373086
248	218.5566213	279.2229926
249	219.1618507	280.5693668
250	219.1618507	282.0507227
251	219.1618507	283.6659203
252	220.2917609	283.6659203
253	221.5560385	283.9320186
254	222.8651717	285.1524798
255	224.256095	286.3969157
256	225.9047591	287.6757045
257	226.8132193	289.0099026
258	226.8132193	290.4590287
259	226.8132193	292.2571398
260	227.7326476	292.2571398
261	228.9885604	292.3731059
262	230.2844568	293.5878447
263	231.6492082	294.8245303
264	233.1863178	296.091932
265	234.5306163	297.4068627
266	234.5306163	298.811183
267	234.5306163	300.5569227
268	235.1448319	301.1618335
269	236.3894072	301.1618335
270	237.6680443	301.9967295
271	239.0014766	303.2233884
272	240.4477404	304.4765105
273	242.2676492	305.7686404
274	242.2676492	307.1271282
275	242.2676492	308.6454697
276	242.5315364	310.0719027
277	243.7630288	310.0719027
278	245.022646	310.3820305
279	246.3245454	311.5973098
280	247.7012131	312.8347968
281	249.2838777	314.1034531
282	250.4337273	315.4205812
283	250.4337273	316.8299032
284	250.4337273	318.6286679
285	251.1139584	319.0902559
286	252.3544776	319.0902559
287	253.6272269	319.9501588
288	254.9507405	321.171834
289	256.3736126	322.4180927
290	258.3414663	323.6998111
291	258.3414663	325.0394334
292	258.3414663	326.5030814
293	258.4463272	328.2136996
294	259.668689	328.2136996
295	260.9156084	328.2854918
296	262.197964	329.4919396
297	263.5382053	330.7177095
298	265.0024722	331.9696956
299	266.7136741	333.2602076
300	266.7136741	334.6158802
301	266.7136741	336.1257757
302	266.9692956	337.5916833
303	268.193771	337.5916833
304	269.4436687	337.7986107
305	270.730611	339.006058
306	272.0791855	340.2331737
307	273.5666262	341.4870825
308	275.1500243	342.7806223
309	275.1500243	344.1420491
310	275.1500243	345.6707403
311	275.464451	347.0469668
312	276.6882732	347.0469668
313	277.9373086	347.2858396
314	279.2229926	348.4920779
315	280.5693668	349.7176268
316	282.0507227	350.9693689
317	283.6659203	352.2595876
318	283.6659203	353.6148384
319	283.6659203	355.1237063
320	283.9320186	356.5938534
321	285.1524798	356.5938534
322	286.3969157	356.7475929
323	287.6757045	357.9505206
324	289.0099026	359.1717592
325	290.4590287	360.4175413
326	292.2571398	361.6986989
327	292.2571398	363.0375528
328	292.2571398	364.4996232
329	292.3731059	366.2174246
330	293.5878447	366.2174246
331	294.8245303	366.2174246
332	296.091932	367.3827842
333	297.4068627	368.59742
334	298.811183	369.8342154
335	300.5569227	371.1020821
336	301.1618335	372.4181951
337	301.1618335	373.8257908
338	301.1618335	375.6088466
339	301.9967295	376.1101402
340	303.2233884	376.1101402
341	304.4765105	376.7909319
342	305.7686404	377.9972821
343	307.1271282	379.2230518
344	308.6454697	380.475191
345	310.0719027	381.7661371
346	310.0719027	383.1229134
347	310.0719027	384.6369809
348	310.3820305	386.0807804
349	311.5973098	386.0807804
350	312.8347968	386.1774197
351	314.1034531	387.3744353
352	315.4205812	388.5880982
353	316.8299032	389.8236307
354	318.6286679	391.0897211
355	319.0902559	392.4029791
356	319.0902559	393.8045099
357	319.0902559	395.5317609
358	319.9501588	396.1871353
359	321.171834	396.1871353
360	322.4180927	396.7320265
361	323.6998111	397.9332768
362	325.0394334	399.1524223
363	326.5030814	400.3954298
364	328.2136996	401.6725541
365	328.2136996	403.0045167
366	328.2136996	404.4493154
367	328.2854918	406.2677472
368	329.4919396	406.2677472
369	330.7177095	406.2677472
370	331.9696956	407.2620885
371	333.2602076	408.4657197
372	334.6158802	409.6879861
373	336.1257757	410.9353193
374	337.5916833	412.2189901
375	337.5916833	413.5625685
376	337.5916833	415.0378767
377	337.7986107	416.6796307
378	339.006058	416.6796307
379	340.2331737	416.6796307
380	341.4870825	417.7668088
381	342.7806223	418.9707465
382	344.1420491	420.193433
383	345.6707403	421.4413719
384	347.0469668	422.7259938
385	347.0469668	424.0713302
386	347.0469668	425.5516326
387	347.2858396	427.1659788
388	348.4920779	427.1659788
389	349.7176268	427.1659788
390	350.9693689	428.2460875
391	352.2595876	429.4482222
392	353.6148384	430.6685744
393	355.1237063	431.9133077
394	356.5938534	433.1931043
395	356.5938534	434.5298657
396	356.5938534	435.9870865
397	356.7475929	437.7303127
398	357.9505206	437.7303127
399	359.1717592	437.7303127
400	360.4175413	438.7005386
401	361.6986989	439.8989206
402	363.0375528	441.1144313
403	364.4996232	442.3525685
404	366.2174246	443.6225924
405	366.2174246	444.9425746
406	366.2174246	446.3592541
407	366.2174246	448.357639
408	367.3827842	448.357639
409	368.59742	448.357639
410	369.8342154	449.1314101
411	371.1020821	450.3244049
412	372.4181951	451.5330447
413	373.8257908	452.7619827
414	375.6088466	454.0187599
415	376.1101402	455.3171868
416	376.1101402	456.6886158
417	376.1101402	458.2549785
418	376.7909319	459.4634178
419	377.9972821	459.4634178
420	379.2230518	459.5404289
421	380.475191	460.7268037
422	381.7661371	461.9271313
423	383.1229134	463.1451872
424	384.6369809	464.3868287
425	386.0807804	465.6620761
426	386.0807804	466.9910134
427	386.0807804	468.4288016
428	386.1774197	470.2885112
429	387.3744353	470.2885112
430	388.5880982	470.2885112
431	389.8236307	471.1085524
432	391.0897211	472.2997078
433	392.4029791	473.5060483
434	393.8045099	474.7319779
435	395.5317609	475.9845493
436	396.1871353	477.2764349
437	396.1871353	478.6353799
438	396.1871353	480.1574304
439	396.7320265	481.5607414
440	397.9332768	481.5607414
441	399.1524223	481.5607414
442	400.3954298	482.6537789
443	401.6725541	483.8482382
444	403.0045167	485.0587839
445	404.4493154	486.2903104
446	406.2677472	487.5508393
447	406.2677472	488.8553332
448	406.2677472	490.239002
449	406.2677472	491.8588139
450	407.2620885	492.8599006
451	408.4657197	492.8599006
452	409.6879861	492.9921316
453	410.9353193	494.1750054
454	412.2189901	495.3710248
455	413.5625685	496.5835768
456	415.0378767	497.8178074
457	416.6796307	499.082249
458	416.6796307	500.393121
459	416.6796307	501.7900908
460	416.6796307	503.4863583
461	417.7668088	504.2326045
462	418.9707465	504.2326045
463	420.193433	504.489097
464	421.4413719	505.6717017
465	422.7259938	506.8674001
466	424.0713302	508.0795547
467	425.5516326	509.3132669
468	427.1659788	510.5769781
469	427.1659788	511.8866815
470	427.1659788	513.2812224
471	427.1659788	514.9615886
472	428.2460875	515.7573479
473	429.4482222	515.7573479
474	430.6685744	515.9631521
475	431.9133077	517.1439807
476	433.1931043	518.3375008
477	434.5298657	519.5468899
478	435.9870865	520.7769193
479	437.7303127	522.0353645
480	437.7303127	523.3365944
481	437.7303127	524.7138048
482	437.7303127	526.3045355
483	438.7005386	527.4141182
484	439.8989206	527.4141182
485	441.1144313	527.4149148
486	442.3525685	528.5925871
487	443.6225924	529.7822499
488	444.9425746	530.9867716
489	446.3592541	532.2103815
490	448.357639	533.4597944
491	448.357639	534.7469142
492	448.357639	536.0971614
493	448.357639	537.5924549
494	449.1314101	539.1256759
495	450.3244049	539.1256759
496	451.5330447	539.1256759
497	452.7619827	540.018805
498	454.0187599	541.2032261
499	455.3171868	542.401207
500	456.6886158	543.616328
501	458.2549785	544.8540862
502	459.4634178	546.1237405
503	459.4634178	547.4433592
504	459.4634178	548.85967
505	459.5404289	550.8577125
506	460.7268037	550.8577125
507	461.9271313	550.8577125
508	463.1451872	551.4243133
509	464.3868287	552.6024607
510	465.6620761	553.7927237
511	466.9910134	554.9980233
512	468.4288016	556.2226807
513	470.2885112	557.4735874
514	470.2885112	558.7630476
515	470.2885112	560.1176823
516	470.2885112	561.6264898
517	471.1085524	563.0917942
518	472.2997078	563.0917942
519	473.5060483	563.0917942
520	474.7319779	563.9822179
521	475.9845493	565.1640646
522	477.2764349	566.3588794
523	478.6353799	567.569964
524	480.1574304	568.8023108
525	481.5607414	570.0641395
526	481.5607414	571.3708963
527	481.5607414	572.7594753
528	481.5607414	574.4055456
529	482.6537789	575.3133642
530	483.8482382	575.3133642
531	485.0587839	575.3448031
532	486.2903104	576.5179409
533	487.5508393	577.7021353
534	488.8553332	578.8998644
535	490.239002	580.1146951
536	491.8588139	581.3521
537	492.8599006	582.6212862
538	492.8599006	583.9401884
539	492.8599006	585.3550041
540	492.9921316	587.2839997
541	494.1750054	587.435278
542	495.3710248	587.435278
543	496.5835768	587.8568702
544	497.8178074	589.0306801
545	499.082249	590.215695
546	500.393121	591.4144529
547	501.7900908	592.6306203
548	503.4863583	593.8698527
549	504.2326045	595.1417417
550	504.2326045	596.4652272
551	504.2326045	597.8905851
552	504.489097	599.8270772
553	505.6717017	599.8270772
554	506.8674001	599.8270772
555	508.0795547	600.3469878
556	509.3132669	601.5201518
557	510.5769781	602.7043941
558	511.8866815	603.9022009
559	513.2812224	605.1171522
560	514.9615886	606.3547451
561	515.7573479	607.6242375
562	515.7573479	608.9436961
563	515.7573479	610.3598425
564	515.9631521	612.3577547
565	517.1439807	612.3577547
566	518.3375008	612.3577547
567	519.5468899	612.8153854
568	520.7769193	613.9866272
569	522.0353645	615.1685601
570	523.3365944	616.3635168
571	524.7138048	617.574823
572	526.3045355	618.8075138
573	527.4141182	620.069896
574	527.4141182	621.3776294
575	527.4141182	622.7683659
576	527.4149148	624.4270832
577	528.5925871	625.2919067
578	529.7822499	625.2919067
579	530.9867716	625.2919067
580	532.2103815	626.4309013
581	533.4597944	627.6091557
582	534.7469142	628.7996011
583	536.0971614	630.0051887
584	537.5924549	631.2302922
585	539.1256759	632.4819051
586	539.1256759	633.7725643
587	539.1256759	635.1295994
588	539.1256759	636.6464086
589	540.018805	638.072067
590	541.2032261	638.072067
591	542.401207	638.072067
592	543.616328	638.8542065
593	544.8540862	640.0276595
594	546.1237405	641.2122737
595	547.4433592	642.4105675
596	548.85967	643.6261752
597	550.8577125	644.8646929
598	550.8577125	646.1355869
599	550.8577125	647.457467
600	550.8577125	648.8792498
601	551.4243133	650.8385222
602	552.6024607	650.8385222
603	553.7927237	650.8385222
604	554.9980233	651.2580888
605	556.2226807	652.4259007
606	557.4735874	653.6037454
607	558.7630476	654.7937049
608	560.1176823	655.9986966
609	561.6264898	657.2230354
610	563.0917942	658.473601
611	563.0917942	659.7626703
612	563.0917942	661.1167824
613	563.0917942	662.624442
614	563.9822179	664.0940244
615	565.1640646	664.0940244
616	566.3588794	664.0940244
617	567.569964	664.8058876
618	568.8023108	665.97639
619	570.0641395	667.1574623
620	571.3708963	668.351389
621	572.7594753	669.5614161
622	574.4055456	670.7924372
623	575.3133642	672.0524723
624	575.3133642	673.3564797
625	575.3133642	674.7396572
626	575.3448031	676.3588721
627	576.5179409	677.3600603
628	577.7021353	677.3600603
629	578.8998644	677.3600603
630	580.1146951	678.3325597
631	581.3521	679.5045866
632	582.6212862	680.6874996
633	583.9401884	681.8837061
634	585.3550041	683.0966557
635	587.2839997	684.3316068
636	587.435278	685.597323
637	587.435278	686.9106043
638	587.435278	688.313271
639	587.8568702	690.0568493
640	589.0306801	690.6623341
641	590.215695	690.6623341
642	591.4144529	690.6744598
643	592.6306203	691.8375724
644	593.8698527	693.0098559
645	595.1417417	694.1930846
646	596.4652272	695.3896891
647	597.8905851	696.6031573
648	599.8270772	697.8388176
649	599.8270772	699.1055773
650	599.8270772	700.4206019
651	599.8270772	701.8270961
652	600.3469878	703.6085068
653	601.5201518	704.1107252
654	602.7043941	704.1107252
655	603.9022009	704.158602
656	605.1171522	705.3208365
657	606.3547451	706.4920892
658	607.6242375	707.6740824
659	608.9436961	708.8691655
660	610.3598425	710.0806925
661	612.3577547	711.3137489
662	612.3577547	712.5767446
663	612.3577547	713.8855936
664	612.3577547	715.2788585
665	612.8153854	716.9536037
666	613.9866272	717.7654859
667	615.1685601	717.7654859
668	616.3635168	717.7654859
669	617.574823	718.7827166
670	618.8075138	719.9517178
671	620.069896	721.1310147
672	621.3776294	722.3227858
673	622.7683659	723.5301049
674	624.4270832	724.75756
675	625.2919067	726.0125632
676	625.2919067	727.3086223
677	625.2919067	728.676112
678	625.2919067	730.2294185
679	626.4309013	731.4893485
680	627.6091557	731.4893485
681	628.7996011	731.4893485
682	630.0051887	732.2239953
683	631.2302922	733.3896649
684	632.4819051	734.5649941
685	633.7725643	735.7519276
686	635.1295994	736.953164
687	636.6464086	738.1726416
688	638.072067	739.4165221
689	638.072067	740.6954834
690	638.072067	742.0314159
691	638.072067	743.4877679
692	638.8542065	745.2305057
693	640.0276595	745.2305057
694	641.2122737	745.2305057
695	642.4105675	745.6457984
696	643.6261752	746.8072477
697	644.8646929	747.9775911
698	646.1355869	749.1585083
699	647.457467	750.3522834
700	648.8792498	751.5621626
701	650.8385222	752.7930388
702	650.8385222	754.0529316
703	650.8385222	755.3567978
704	650.8385222	756.7398303
705	651.2580888	758.3588544
706	652.4259007	759.3601407
707	653.6037454	759.3601407
708	654.7937049	759.3601407
709	655.9986966	760.2060526
710	657.2230354	761.3706692
711	658.473601	762.544759
712	659.7626703	763.7302002
713	661.1167824	764.9295862
714	662.624442	766.1466772
715	664.0940244	767.3873017
716	664.0940244	768.6614195
717	664.0940244	769.9889509
718	664.0940244	771.424347
719	664.8058876	773.2938173
720	665.97639	773.2938173
721	667.1574623	773.2938173
722	668.351389	773.5878075
723	669.5614161	774.7462226
724	670.7924372	775.9130151
725	672.0524723	777.0896955
726	673.3564797	778.2782905
727	674.7396572	779.4816287
728	676.3588721	780.7038717
729	677.3600603	781.9516042
730	677.3600603	783.2364382
731	677.3600603	784.5829346
732	677.3600603	786.0682123
733	678.3325597	787.650305
734	679.5045866	787.650305
735	680.6874996	787.650305
736	681.8837061	788.1062429
737	683.0966557	789.265553
738	684.3316068	790.4333978
739	685.597323	791.6113383
740	686.9106043	792.8014772
741	688.313271	794.0067654
742	690.0568493	795.2315762
743	690.6623341	796.4829019
744	690.6623341	797.7732771
745	690.6623341	799.1300248
746	690.6744598	800.6465048
747	691.8375724	802.0721833
748	693.0098559	802.0721833
749	694.1930846	802.0721833
750	695.3896891	802.6044852
751	696.6031573	803.7636728
752	697.8388176	804.9313783
753	699.1055773	806.1091572
754	700.4206019	807.2991038
755	701.8270961	808.5041555
756	703.6085068	809.7286619
757	704.1107252	810.9795693
758	704.1107252	812.2693076
759	704.1107252	813.6248793
760	704.158602	815.1376375
761	705.3208365	816.5810491
762	706.4920892	816.5810491
763	707.6740824	816.5810491
764	708.8691655	817.0825795
765	710.0806925	818.2406324
766	711.3137489	819.4070143
767	712.5767446	820.58322
768	713.8855936	821.7712521
769	715.2788585	822.9739012
770	716.9536037	824.1952631
771	717.7654859	825.4417973
772	717.7654859	826.7248367
773	717.7654859	828.0681315
774	717.7654859	829.5444569
775	718.7827166	831.1740647
776	719.9517178	831.1740647
777	721.1310147	831.1740647
778	722.3227858	831.5409311
779	723.5301049	832.6969002
780	724.75756	833.8608556
781	726.0125632	835.0341852
782	727.3086223	836.2187314
783	728.676112	837.4170316
784	730.2294185	838.6327518
785	731.4893485	839.8715464
786	731.4893485	841.1430045
787	731.4893485	842.4660598
788	731.4893485	843.8909645
789	732.2239953	845.8272373
790	733.3896649	845.8272373
791	734.5649941	845.8272373
792	735.7519276	845.980271
793	736.953164	847.1333178
794	738.1726416	848.2938858
795	739.4165221	849.4632237
796	740.6954834	850.6429687
797	742.0314159	851.8353398
798	743.4877679	853.0434765
799	745.2305057	854.2720823
800	745.2305057	855.5287983
801	745.2305057	856.8276726
802	745.2305057	858.2008373
803	745.6457984	859.7766295
804	746.8072477	860.942319
805	747.9775911	860.942319
806	749.1585083	860.942319
807	750.3522834	861.5510248
808	751.5621626	862.7074251
809	752.7930388	863.8718902
810	754.0529316	865.0458318
811	755.3567978	866.2311282
812	756.7398303	867.4303723
813	758.3588544	868.6473244
814	759.3601407	869.8878125
815	759.3601407	871.1617952
816	759.3601407	872.4891906
817	759.3601407	873.924439
818	760.2060526	875.7938834
819	761.3706692	875.7938834
820	762.544759	875.7938834
821	763.7302002	875.9513678
822	764.9295862	877.1030159
823	766.1466772	878.2619748
824	767.3873017	879.4294326
825	768.6614195	880.6069377
826	769.9889509	881.7965738
827	771.424347	883.0012613
828	773.2938173	884.2253204
829	773.2938173	885.4756405
830	773.2938173	886.7645213
831	773.2938173	888.1185705
832	773.5878075	889.6267154
833	774.7462226	891.0920218
834	775.9130151	891.0920218
835	777.0896955	891.0920218
836	778.2782905	891.4823093
837	779.4816287	892.6353629
838	780.7038717	893.7959493
839	781.9516042	894.9653204
840	783.2364382	896.1451178
841	784.5829346	897.3375674
842	786.0682123	898.5458197
843	787.650305	899.7745978
844	787.650305	901.0315818
845	787.650305	902.3309124
846	787.650305	903.7050281
847	788.1062429	905.2848591
848	789.265553	906.4341287
849	790.4333978	906.4341287
850	791.6113383	906.4341287
851	792.8014772	906.9939211
852	794.0067654	908.1474922
853	795.2315762	909.3086813
854	796.4829019	910.478765
855	797.7732771	911.6594212
856	799.1300248	912.8529318
857	800.6465048	914.0625384
858	802.0721833	915.2931268
859	802.0721833	916.5527013
860	802.0721833	917.8561824
861	802.0721833	919.2386376
862	802.6044852	920.8556122
863	803.7636728	921.8634706
864	804.9313783	921.8634706
865	806.1091572	921.8634706
866	807.2991038	922.4860174
867	808.5041555	923.6391895
868	809.7286619	924.7999197
869	810.9795693	925.9694672
870	812.2693076	927.1494839
871	813.6248793	928.3422117
872	815.1376375	929.5508274
873	816.5810491	930.7801008
874	816.5810491	932.0378042
875	816.5810491	933.3382993
876	816.5810491	934.7147595
877	817.0825795	936.3045533
878	818.2406324	937.4144766
879	819.4070143	937.4144766
880	820.58322	937.4144766
881	821.7712521	937.9587431
882	822.9739012	939.1106196
883	824.1952631	940.2698554
884	825.4417973	941.4376516
885	826.7248367	942.6155763
886	828.0681315	943.8057425
887	829.5444569	945.0111182
888	831.1740647	946.2361058
889	831.1740647	947.4877546
890	831.1740647	948.7787301
891	831.1740647	950.1367568
892	831.5409311	951.6577644
893	832.6969002	953.0610719
894	833.8608556	953.0610719
895	835.0341852	953.0610719
896	836.2187314	953.4125617
897	837.4170316	954.5623127
898	838.6327518	955.7191026
899	839.8715464	956.8840426
900	841.1430045	958.05857
901	842.4660598	959.2446014
902	843.8909645	960.4447902
903	845.8272373	961.6629989
904	845.8272373	962.9052462
905	845.8272373	964.1818999
906	845.8272373	965.5139914
907	845.980271	966.9609418
908	847.1333178	968.7575669
909	848.2938858	968.7575669
910	849.4632237	968.7575669
911	850.6429687	968.8482187
912	851.8353398	969.9951175
913	853.0434765	971.1486403
914	854.2720823	972.309786
915	855.5287983	973.4798323
916	856.8276726	974.6604588
917	858.2008373	975.8539493
918	859.7766295	977.0635496
919	860.942319	978.294152
920	860.942319	979.5537744
921	860.942319	980.8573701
922	860.942319	982.2401196
923	861.5510248	983.8587368
924	862.7074251	984.8603769
925	863.8718902	984.8603769
926	865.0458318	984.8603769
927	866.2311282	985.4101328
928	867.4303723	986.5597249
929	868.6473244	987.7163379
930	869.8878125	988.8810777
931	871.1617952	990.0553744
932	872.4891906	991.2411333
933	873.924439	992.4409905
934	875.7938834	993.6587785
935	875.7938834	994.9004606
936	875.7938834	996.1762846
937	875.7938834	997.5069534
938	875.9513678	998.9503912
939	877.1030159	1000.76813
940	878.2619748	1000.76813
941	879.4294326	1000.76813
942	880.6069377	1000.808628
943	881.7965738	1001.953792
944	883.0012613	1003.105341
945	884.2253204	1004.26421
946	885.4756405	1005.431589
947	886.7645213	1006.609029
948	888.1185705	1007.798619
949	889.6267154	1009.003285
950	891.0920218	1010.227359
951	891.0920218	1011.477751
952	891.0920218	1012.766812
953	891.0920218	1014.121301
954	891.4823093	1015.631071
955	892.6353629	1017.087769
956	893.7959493	1017.087769
957	894.9653204	1017.087769
958	896.1451178	1017.332363
959	897.3375674	1018.478509
960	898.5458197	1019.63118
961	899.7745978	1020.791348
962	901.0315818	1021.960255
963	902.3309124	1023.139524
964	903.7050281	1024.331358
965	905.2848591	1025.538865
966	906.4341287	1026.766697
967	906.4341287	1028.02239
968	906.4341287	1029.319745
969	906.4341287	1030.690085
970	906.9939211	1032.255142
971	908.1474922	1033.463875
972	909.3086813	1033.463875
973	910.478765	1033.463875
974	911.6594212	1033.837539
975	912.8529318	1034.983883
976	914.0625384	1036.136783
977	915.2931268	1037.297218
978	916.5527013	1038.466442
979	917.8561824	1039.646094
980	919.2386376	1040.838402
981	920.8556122	1042.046514
982	921.8634706	1043.275155
983	921.8634706	1044.532003
984	921.8634706	1045.831197
985	921.8634706	1047.205168
986	922.4860174	1048.784796
987	923.6391895	1049.934263
988	924.7999197	1049.934263
989	925.9694672	1049.934263
990	927.1494839	1050.324084
991	928.3422117	1051.469832
992	929.5508274	1052.622054
993	930.7801008	1053.781708
994	932.0378042	1054.950016
995	933.3382993	1056.128576
996	934.7147595	1057.319547
997	936.3045533	1058.525969
998	937.4144766	1059.752372
999	937.4144766	1061.006057
1000	937.4144766	1062.300266
1001	937.4144766	1063.664529
1002	937.9587431	1065.20706
1003	939.1106196	1066.511914
1004	940.2698554	1066.511914
1005	941.4376516	1066.511914
1006	942.6155763	1066.792215
1007	943.8057425	1067.936601
1008	945.0111182	1069.087272
1009	946.2361058	1070.245141
1010	947.4877546	1071.41136
1011	948.7787301	1072.587431
1012	950.1367568	1073.775364
1013	951.6577644	1074.977961
1014	953.0610719	1076.199339
1015	953.0610719	1077.445998
1016	953.0610719	1078.72936
1017	953.0610719	1080.073433
1018	953.4125617	1081.552357
1019	954.5623127	1083.166408
1020	955.7191026	1083.166408
1021	956.8840426	1083.166408
1022	958.05857	1083.24242
1023	959.2446014	1084.384741
1024	960.4447902	1085.533069
1025	961.6629989	1086.688246
1026	962.9052462	1087.851331
1027	964.1818999	1089.023686
1028	965.5139914	1090.207116
1029	966.9609418	1091.404097
1030	968.7575669	1092.618196
1031	968.7575669	1093.854883
1032	968.7575669	1095.12336
1033	968.7575669	1096.441552
1034	968.8482187	1097.855614
1035	969.9951175	1099.780491
1036	971.1486403	1099.938897
1037	972.309786	1099.938897
1038	973.4798323	1099.938897
1039	974.6604588	1100.815068
1040	975.8539493	1101.96037
1041	977.0635496	1103.112089
1042	978.294152	1104.271171
1043	979.5537744	1105.438816
1044	980.8573701	1106.616592
1045	982.2401196	1107.806613
1046	983.8587368	1109.011845
1047	984.8603769	1110.236692
1048	984.8603769	1111.488201
1049	984.8603769	1112.779037
1050	984.8603769	1114.136917
1051	985.4101328	1115.657735
1052	986.5597249	1117.061201
1053	987.7163379	1117.061201
1054	988.8810777	1117.061201
1055	990.0553744	1117.228603
1056	991.2411333	1118.370325
1057	992.4409905	1119.51798
1058	993.6587785	1120.672389
1059	994.9004606	1121.834588
1060	996.1762846	1123.005901
1061	997.5069534	1124.18808
1062	998.9503912	1125.383519
1063	1000.76813	1126.595646
1064	1000.76813	1127.829678
1065	1000.76813	1129.094299
1066	1000.76813	1130.4061
1067	1000.808628	1131.806132
1068	1001.953792	1133.531044
1069	1003.105341	1134.188254
1070	1004.26421	1134.188254
1071	1005.431589	1134.188254
1072	1006.609029	1134.76423
1073	1007.798619	1135.907377
1074	1009.003285	1137.056648
1075	1010.227359	1138.212915
1076	1011.477751	1139.377275
1077	1012.766812	1140.551149
1078	1014.121301	1141.736424
1079	1015.631071	1142.93571
1080	1017.087769	1144.152797
1081	1017.087769	1145.393563
1082	1017.087769	1146.668082
1083	1017.087769	1147.996573
1084	1017.332363	1149.434811
1085	1018.478509	1151.283814
1086	1019.63118	1151.283814
1087	1020.791348	1151.283814
1088	1021.960255	1151.283814
1089	1023.139524	1152.281798
1090	1024.331358	1153.425648
1091	1025.538865	1154.575721
1092	1026.766697	1155.732912
1093	1028.02239	1156.898353
1094	1029.319745	1158.073511
1095	1030.690085	1159.260349
1096	1032.255142	1160.461591
1097	1033.463875	1161.68122
1098	1033.463875	1162.925485
1099	1033.463875	1164.205249
1100	1033.463875	1165.542928
1101	1033.837539	1167.004516
1102	1034.983883	1168.714233
1103	1036.136783	1168.714233
1104	1037.297218	1168.714233
1105	1038.466442	1168.714233
1106	1039.646094	1169.781051
1107	1040.838402	1170.924851
1108	1042.046514	1172.074869
1109	1043.275155	1173.231999
1110	1044.532003	1174.397371
1111	1045.831197	1175.57245
1112	1047.205168	1176.759194
1113	1048.784796	1177.960321
1114	1049.934263	1179.179806
1115	1049.934263	1180.423875
1116	1049.934263	1181.703351
1117	1049.934263	1183.040527
1118	1050.324084	1184.500803
1119	1051.469832	1186.217951
1120	1052.622054	1186.217951
1121	1053.781708	1186.217951
1122	1054.950016	1186.217951
1123	1056.128576	1187.262008
1124	1057.319547	1188.405006
1125	1058.525969	1189.554114
1126	1059.752372	1190.7102
1127	1061.006057	1191.874358
1128	1062.300266	1193.047997
1129	1063.664529	1194.232998
1130	1065.20706	1195.431951
1131	1066.511914	1196.648617
1132	1066.511914	1197.888823
1133	1066.511914	1199.162524
1134	1066.511914	1200.489631
1135	1066.792215	1201.924553
1136	1067.936601	1203.794095
1137	1069.087272	1203.794095
1138	1070.245141	1203.794095
1139	1071.41136	1203.794095
1140	1072.587431	1204.724962
1141	1073.775364	1205.866441
1142	1074.977961	1207.01383
1143	1076.199339	1208.167948
1144	1077.445998	1209.329818
1145	1078.72936	1210.500756
1146	1080.073433	1211.682497
1147	1081.552357	1212.87741
1148	1083.166408	1214.088881
1149	1083.166408	1215.322052
1150	1083.166408	1216.58545
1151	1083.166408	1217.895281
1152	1083.24242	1219.291165
1153	1084.384741	1220.985684
1154	1085.533069	1221.733602
1155	1086.688246	1221.733602
1156	1087.851331	1221.733602
1157	1089.023686	1222.170454
1158	1090.207116	1223.309767
1159	1091.404097	1224.454711
1160	1092.618196	1225.606036
1161	1093.854883	1226.764679
1162	1095.12336	1227.931827
1163	1096.441552	1229.109028
1164	1097.855614	1230.298366
1165	1099.780491	1231.50276
1166	1099.938897	1232.72653
1167	1099.938897	1233.976564
1168	1099.938897	1235.265158
1169	1099.938897	1236.618906
1170	1100.815068	1238.126669
1171	1101.96037	1239.592287
1172	1103.112089	1239.592287
1173	1104.271171	1239.592287
1174	1105.438816	1239.599242
1175	1106.616592	1240.73583
1176	1107.806613	1241.87771
1177	1109.011845	1243.025557
1178	1110.236692	1244.180203
1179	1111.488201	1245.34269
1180	1112.779037	1246.514361
1181	1114.136917	1247.696991
1182	1115.657735	1248.893008
1183	1117.061201	1250.105899
1184	1117.061201	1251.340992
1185	1117.061201	1252.607189
1186	1117.061201	1253.921645
1187	1117.228603	1255.327526
1188	1118.370325	1257.107414
1189	1119.51798	1257.611942
1190	1120.672389	1257.611942
1191	1121.834588	1257.611942
1192	1123.005901	1258.145656
1193	1124.18808	1259.283979
1194	1125.383519	1260.427811
1195	1126.595646	1261.577874
1196	1127.829678	1262.735066
1197	1129.094299	1263.900522
1198	1130.4061	1265.075712
1199	1131.806132	1266.262604
1200	1133.531044	1267.463933
